DialogIdx,DialogCon,ConnectNPC,ConnectQuest,Comment,NextDialog,Selection
D001,농장일은 잘 되가고 있는겐가?,N001,Q001,플레이어가 처음 농장으로 나왔을 때 문앞에 대기,{D002},
D002,"아, 이장님. 아직 도구를 준비하지 못했어요.",P,Q001,,{D003},
D003,"허허, 그럴 줄 알았지. 미리 챙겨왔네.",N001,Q001,,{D004},
D004,이장이 가방에서 도구들을 꺼낸다.,System,Q001,,{D005},
D005,"자, 이 정도면 여기서 지내는데 불편한 점은 없을걸세.",N001,Q001,,{D006},
D006,여러모로 챙겨주셔서 감사합니다.,P,Q001,,{D007},
D007,자네같이 어린 친구가 마을에 와주니 내가 더 고맙지.,N001,Q001,대사를 마치고 트랜지션 페이드 아웃 ->  퇴장 -> 페이드인,-,
D008,어제는 잘만 물더니 오늘은 시큰둥허네.,N002,,Q002가 비활성화일 때 출력,,
D009,그려. 무슨 일이여?,N002,Q002,Q001 클리어 후 톰과 대화시 출력,{D010},
D010,안녕하세요. 캐시가 여기 계시다고 알려줘서요.,P,Q002,,{D011},
D011,캐시 꼬맹이가 알려줬다고?,N002,Q002,,{D012},
D012,"네. 알렉스가 생선을 좋아하는데, 톰씨가 가끔식 주셨다고...",P,Q002,,{D013},
D013,또 그 괭이여?,N002,Q002,,{D014},
D014,고양이인가요?,P,Q002,,{D015},
D015,그려. 꼬맹이 옆에 고양이 한 마리 있었잖여? 걔가 알렉스여.,N002,Q002,,{D016},
D016,생선은 줄 수 있는디 직접 낚아보는 게 재밌지 않겄어?,N002,Q002,[예/아니오] 선택박스 출력,"{'D017', 'D018'}","{'예', '아니오'}"
D017,"허허, 그럴 줄 알았지라. 내 낚싯대 블려줄 텐께 큼직한 놈 한 번 노려봐잉.",N002,Q002,"D013에서 ""예"" 선택시 출력",{D019},
D018,뭐를 그리 망설여. 그냥 내 낚싯대 한번 써보구 손맛 좀 봐보랑게.,N002,Q002,"D013에서 ""아니오"" 선택시 출력",{D019},
D019,낚시꾼이 낚싯대를 건네준다.,System,Q002,,{D020},
D020,한 서너 마리쯤 잡아보면 금방 감 잡을 거여.,N002,Q002,,-,
D021,"어땠어? 낚시, 할만하디?",N002,Q002,"Q002 목표 달성 후 대화 시 출력 [재밌어요!/글쎄요..] 선택박스 출력","{'D022', 'D023}","{'재밌어요!','글쎄요..'}"
D022,"허허, 좋구먼! 이제 내 낚시 친구가 하나 늘었구먼",N002,Q002,D017에서 [재밌어요] 선택시 출력,{D024},
D023,흠... 좀 아쉽구먼. 그래도 한번 해봤으면 된 거여,N002,Q002,D017에서 [글쎄요] 선택시 출력,{D024},
D024,"그건 그렇고, 자네가 잡은 물고기는 상점에 가면 팔 수 있을 거여.",N002,Q002,,{D025},
D025,낚싯대는 그냥 가져. 내 선물이여,N002,Q002,,-,
D026,왜 낚시하러 안 가고 여기 서 있디야?,N002,Q002,퀘스트 목표 미달성 상태로 대화 할 때 출력 / D022~D24,{D027},
D027,어디서 낚시하는지 모르겠다고?,N002,Q002,,{D028},
D028,낚시라는 건 물만 있으면 되는 거 아녀. 아무 데서나 던져봐.,N002,Q002,,-,
D029,어서와요. 돌로레스 잡화점이에요.,N004,,상점 최초 입장시 돌로레스가 하는 말,{'D030'},
D030,원하는게 뭐에요?,N004,,"돌로레스와 직접적으로 상호작용 할 때 하는 말 [상점/대화하기/대화종료] 선택박스 출력","{'EXIT','D027','EXIT'}","{'상점', '대화하기', '종료'}"
D031,여기 없는거 빼곤 다 있어요.,N004,,D026에서 [상점] 선택시 출력,,
D032,어서오세요!,N005,,[상점/대화하기/종료] 선택박스 출력,,
D033,안녕하세요...,N005,Q003,N005와의 호감도가 0일 때 / Q003 트리거,{D034},
D034,안녕하세요. 지금 장사는 안하시나요?,P,Q003,,{D035},
D035,네… 지금 재료가 좀 부족해서 구하고있어요,N005,Q003,,{D036},
D036,혹시 급하시지 않으면 저 좀 도와주실 수 있으신가요?,N005,Q003,,{D037},
D037,감사합니다. 밀을 세 개만 구해주세요!,N005,Q003,,-,
D038,빨리 장사해야 하는데...,N005,Q003,Q003의 목표를 달성하지 못했을 때 출력,-,
D039,감사합니다!,N005,Q003,Q003의 목표를 달성하고 대화했을 때 출력,{D040},
D040,덕분에 멀쩡하게 장사할 수 있을 것 같아요!,N005,Q003,대화 완료 이후 해당 NPC에게서 음식 구매 가능,,
D041,어서오세요~ 파스타 가게입니다!,N005,,Q003 클리어 후 N005와 대화,"{'EXIT', 'D042', 'EXIT'}","{'상점', '대화하기','종료'}"
D042,메뉴는 단일 품목입니다!,N005,,,,
D043,......,N013,,,{D044},
D044,어서오게,N013,,,"{D045, D046}",
D045,"광산이 멈춰서, 있는 재료만 쓴다.",N013,,,{'Upgrade'},
D046,......,N013,,,{'EXIT'},
D047,꽃 사세요~,N006,,나디아 기본 다이얼로그,,
D048,"어머, 어서 와요!",N006,Q009,,{D049},
D049,휴고가 얘기한 분이군요,N006,Q009,,{D050},
D050,"벌써 휴고씨가 이야기하셨나요? 방금 뵌거같은데, 정말 빠르시네요.",P,Q009,,{D051},
D051,그럼요. 우리 마을 제일 빠른 소식통이거든요.,N006,Q009,,{D052},
D052,마을 일 도와주신다면서요?,N006,Q009,,{D053},
D053,저도 바쁘긴 한데...,P,Q009,,{D054},
D054,꽃을 종류별로 세 송이 부탁드려요,N006,Q009,,{D055},
D055,바쁘다니까요...,P,Q009,,{D056},
D056,고! 마! 워! 요!,N006,Q009,,-,
D057,"어머, 예쁜 꽃이네요.",N006,Q009,Q009의 목표를 달성하고 대화했을 때 출력,{D058},
D058,고마워요,N006,Q009,,{D059},
D059,앞으로도 잘 부탁해요,N006,Q009,,-,
D060,안녕하세요?,N008,,실비 기본 다이얼로그,,
D061,처음뵙죠?,N008,Q010,,{D062},
D062,이번에 에드 마을에 온 {PlayerName}입니다.,P,Q010,,{D063},
D063,"아, 그분! 마을 일 도와주신다 들었어요.",N008,Q010,,{D064},
D064,그럼 저에게 버섯도 좀 구해다 주실 수 있나요?,N008,Q010,,-,
D065,음~ 맛있는 스튜가 만들어질 것 같네요.,N008,Q010,Q010의 목표를 달성하고 대화했을 때 출력,{D066},
D066,고마워요.,N008,Q010,,{D067},
D067,또 봬요.,N008,Q010,,-,
D068,목공소일세. 뭘 찾나?,N009,,윌리엄 기본 다이얼로그,,
D069,그래. 휴고가 보냈다고?,N009,Q006,,{D070},
D070,(그냥 인사만 하러 왔는데...),P,Q006,,{D071},
D071,축제에 쓸 목재가 모자라,N009,Q006,,{D072},
D072,목공소에 목재가 부족해요?,P,Q006,,{D073},
D073,갑작스런 축제라 부족하지 뭔가.,N009,Q006,,{D074},
D074,목재 좀 구해줄 수 있겠나?,N009,Q006,,-,
D075,도움 고맙네. 덕분에 준비를 마칠 수 있겠어.,N009,Q006,Q006의 목표를 달성하고 대화했을 때 출력,,
D076,어.. 안녕하세요?,N010,,이안 기본 다이얼로그,,
D077,휴고 씨에게 들으셨군요.,N010,Q007,,{D078},
D078,"떠돌이 공연자, 이안입니다.",N010,Q007,,{D079},
D079,곧 있을 축제에서 무대를 하신다고 들었는데,P,Q007,,{D080},
D080,"네, 그런데 목이 좀 안좋아서요.",N010,Q007,,{D081},
D081,혹시 무를 조금 구해주실 수 있으신가요?,N010,Q007,,-,
D082,정말 감사합니다. 공연 때까지 잘 회복할게요.,N010,Q007,Q007의 목표를 달성하고 대화했을 때 출력,{D083},
D083,"제 무대, 기대해주세요.",N010,Q007,,-,
D084,선술집에 온 걸 환영하네,N011,,레오 기본 다이얼로그,"{'D086'}",
D085,휴고가 보냈나?,N011,Q008,,{D086},
D086,"축제용 맥주를 빚어야 하는데, 보리가 모자라네",N011,Q008,,{D087},
D087,보리 좀 가져다줄 수 있겠나?,N011,Q008,,-,
D088,여기요,P,Q008,Q008의 목표를 달성하고 대화했을 때 출력,{D089},
D089,고맙네. 이 정도면 축제 전까지 채울 수 있겠어.,N011,Q008,,{D090},
D090,축제 때 우리 가게로 와. 한 잔 대접하지.,N011,Q008,,-,
D091,"네~ 에드 마을의 유일한 우체부, 휴고입니다~",N012,,휴고 기본 다이얼로그,"{'D092'}",
D092,"아, {PlayerName}님! 안녕하세요.",N012,,,{D093},
D093,마을 분들과 아직 인사 못 하셨죠?,N012,,,{D094},
D094,"한 바퀴 돌며 인사도 하고, 일손도 좀 도와주세요.",N012,,,-,
D095,"흥흥흥, 꽃으로 뭘 만들어볼까?",N006,Q009,Q009의 목표를 달성하지 못했을 때 출력,-,
D096,스튜에 들어가는 다른 재료가...,N008,Q010,Q010의 목표를 달성하지 못했을 때 출력,-,
D097,거참... 무대를 만들어달라니.,N009,Q006,Q006의 목표를 달성하지 못했을 때 출력,-,
D098,무가 목 건강에 좋아요.,N010,Q007,Q007의 목표를 달성하지 못했을 때 출력,-,
D099,한 잔 마시겠나?,N011,Q008,Q008의 목표를 달성하지 못했을 때 출력,-,
D100,알렉스가 세상을 구할꺼야!,N014,,캐시 기본 다이얼로그,"{D101}",
D101,오빠!,N014,Q011,,{D102},
D102,응? 무슨일이니?,P,Q011,,{D103},
D103,알렉스가 배고프대!,N014,Q011,,{D104},
D104,알렉스가 누구니?,P,Q011,,{D105},
D105,알렉스는 알렉스야! ,N014,Q011,,{D106},
D106,알렉스는 생선을 좋아해!,N014,Q011,,{D107},
D107,하지만 오빠는 생선을 얻을 수 없는걸?,P,Q011,,{D108},
D108,"그럼 톰 아저씨한테 물어봐, 가끔씩 알렉스한테 생선 줬어!",N014,Q011,,{D109},
D109,톰 아저씨라는 분이 어디에 있는지 아니?,P,Q011,,{D110},
D110,맨날 물가에서 길다란 막대기랑 서있는거 봤어.,N014,Q011,,,
D111,오빠! 알렉스가 배고프다는데 생선은?,N014,Q012,Q012 목표 미충족시 출력,,
D112,와! 생선이다! 알렉스 생선이야!,N014,Q012,Q012 목표 달성시,{D113},
D113,고마워 오빠! 다음에 또 부탁할게!,N014,Q012,,,
D114,"낚시 하는 거, 이제 알아?",N014,Q012,Q012 시작트리거,{D115},
D115,그럼 알렉스 줄 생선 구해다 주라,N014,Q012,,{D116},
D116,세 마리면 돼,N014,Q012,,-,